-- Xóa database cũ nếu tồn tại
USE master;
IF EXISTS (SELECT name FROM sys.databases WHERE name = N'QLChiTieu')
BEGIN
    ALTER DATABASE QLChiTieu SET SINGLE_USER WITH ROLLBACK IMMEDIATE;
    DROP DATABASE QLChiTieu;
END
GO


CREATE DATABASE QLChiTieu;
GO

USE [QLChiTieu]
GO
/****** Object:  Table [dbo].[NguoiDung]    Script Date: 10/10/2025 11:53:29 PM ******/
SET ANSI_NULLS ON
GO
SET QUOTED_IDENTIFIER ON
GO
CREATE TABLE [dbo].[NguoiDung](
	[MaNguoiDung] [int] IDENTITY(1,1) NOT NULL,
	[TenDangNhap] [nvarchar](50) NOT NULL,
	[MatKhau] [nvarchar](100) NOT NULL,
	[HoTen] [nvarchar](100) NULL,
	[NgayTao] [datetime] NULL,
PRIMARY KEY CLUSTERED 
(
	[MaNguoiDung] ASC
)WITH (PAD_INDEX = OFF, STATISTICS_NORECOMPUTE = OFF, IGNORE_DUP_KEY = OFF, ALLOW_ROW_LOCKS = ON, ALLOW_PAGE_LOCKS = ON, OPTIMIZE_FOR_SEQUENTIAL_KEY = OFF) ON [PRIMARY]
) ON [PRIMARY]
GO
/****** Object:  Table [dbo].[DanhMuc]    Script Date: 10/10/2025 11:53:30 PM ******/
SET ANSI_NULLS ON
GO
SET QUOTED_IDENTIFIER ON
GO
CREATE TABLE [dbo].[DanhMuc](
	[MaDanhMuc] [int] IDENTITY(1,1) NOT NULL,
	[TenDanhMuc] [nvarchar](100) NOT NULL,
	[Loai] [nvarchar](10) NULL,
	[MaNguoiDung] [int] NOT NULL,
PRIMARY KEY CLUSTERED 
(
	[MaDanhMuc] ASC
)WITH (PAD_INDEX = OFF, STATISTICS_NORECOMPUTE = OFF, IGNORE_DUP_KEY = OFF, ALLOW_ROW_LOCKS = ON, ALLOW_PAGE_LOCKS = ON, OPTIMIZE_FOR_SEQUENTIAL_KEY = OFF) ON [PRIMARY]
) ON [PRIMARY]
GO
/****** Object:  Table [dbo].[GiaoDich]    Script Date: 10/10/2025 11:53:30 PM ******/
SET ANSI_NULLS ON
GO
SET QUOTED_IDENTIFIER ON
GO
CREATE TABLE [dbo].[GiaoDich](
	[MaGiaoDich] [int] IDENTITY(1,1) NOT NULL,
	[MoTa] [nvarchar](255) NULL,
	[NgayGD] [date] NOT NULL,
	[SoTien] [decimal](18, 2) NOT NULL,
	[MaDanhMuc] [int] NOT NULL,
	[MaNguoiDung] [int] NOT NULL,
PRIMARY KEY CLUSTERED 
(
	[MaGiaoDich] ASC
)WITH (PAD_INDEX = OFF, STATISTICS_NORECOMPUTE = OFF, IGNORE_DUP_KEY = OFF, ALLOW_ROW_LOCKS = ON, ALLOW_PAGE_LOCKS = ON, OPTIMIZE_FOR_SEQUENTIAL_KEY = OFF) ON [PRIMARY]
) ON [PRIMARY]
GO
/****** Object:  View [dbo].[TongHopThuChi]    Script Date: 10/10/2025 11:53:30 PM ******/
SET ANSI_NULLS ON
GO
SET QUOTED_IDENTIFIER ON
GO

-- View: tổng thu chi theo người dùng
CREATE VIEW [dbo].[TongHopThuChi]
AS
SELECT 
    nd.MaNguoiDung,
    nd.HoTen,
    dm.Loai,
    SUM(gd.SoTien) AS TongTien
FROM NguoiDung nd
INNER JOIN GiaoDich gd ON nd.MaNguoiDung = gd.MaNguoiDung
INNER JOIN DanhMuc dm ON gd.MaDanhMuc = dm.MaDanhMuc
GROUP BY nd.MaNguoiDung, nd.HoTen, dm.Loai;
GO
/****** Object:  View [dbo].[V_GiaoDich_ChiTiet]    Script Date: 10/10/2025 11:53:30 PM ******/
SET ANSI_NULLS ON
GO
SET QUOTED_IDENTIFIER ON
GO

-- View: chi tiết giao dịch (theo thứ tự yêu cầu + ngày dd/MM/yyyy)
CREATE VIEW [dbo].[V_GiaoDich_ChiTiet] AS
SELECT 
    gd.MaGiaoDich,
    dm.TenDanhMuc,
    gd.MoTa,
    CONVERT(VARCHAR(10), gd.NgayGD, 103) AS NgayGD, -- dd/MM/yyyy
    gd.SoTien,
    dm.Loai,
    nd.HoTen
FROM GiaoDich gd
JOIN DanhMuc dm ON gd.MaDanhMuc = dm.MaDanhMuc
JOIN NguoiDung nd ON gd.MaNguoiDung = nd.MaNguoiDung;
GO
/****** Object:  Table [dbo].[__MigrationHistory]    Script Date: 10/10/2025 11:53:30 PM ******/
SET ANSI_NULLS ON
GO
SET QUOTED_IDENTIFIER ON
GO
CREATE TABLE [dbo].[__MigrationHistory](
	[MigrationId] [nvarchar](150) NOT NULL,
	[ContextKey] [nvarchar](300) NOT NULL,
	[Model] [varbinary](max) NOT NULL,
	[ProductVersion] [nvarchar](32) NOT NULL,
 CONSTRAINT [PK_dbo.__MigrationHistory] PRIMARY KEY CLUSTERED 
(
	[MigrationId] ASC,
	[ContextKey] ASC
)WITH (PAD_INDEX = OFF, STATISTICS_NORECOMPUTE = OFF, IGNORE_DUP_KEY = OFF, ALLOW_ROW_LOCKS = ON, ALLOW_PAGE_LOCKS = ON, OPTIMIZE_FOR_SEQUENTIAL_KEY = OFF) ON [PRIMARY]
) ON [PRIMARY] TEXTIMAGE_ON [PRIMARY]
GO
/****** Object:  Table [dbo].[NganSaches]    Script Date: 10/10/2025 11:53:30 PM ******/
SET ANSI_NULLS ON
GO
SET QUOTED_IDENTIFIER ON
GO
CREATE TABLE [dbo].[NganSaches](
	[MaNganSach] [int] IDENTITY(1,1) NOT NULL,
	[MaNguoiDung] [int] NOT NULL,
	[MaDanhMuc] [int] NULL,
	[SoTienGioiHan] [decimal](18, 2) NOT NULL,
	[Thang] [int] NOT NULL,
	[Nam] [int] NOT NULL,
	[NgayTao] [datetime] NOT NULL,
 CONSTRAINT [PK_dbo.NganSaches] PRIMARY KEY CLUSTERED 
(
	[MaNganSach] ASC
)WITH (PAD_INDEX = OFF, STATISTICS_NORECOMPUTE = OFF, IGNORE_DUP_KEY = OFF, ALLOW_ROW_LOCKS = ON, ALLOW_PAGE_LOCKS = ON, OPTIMIZE_FOR_SEQUENTIAL_KEY = OFF) ON [PRIMARY]
) ON [PRIMARY]
GO
INSERT [dbo].[__MigrationHistory] ([MigrationId], [ContextKey], [Model], [ProductVersion]) VALUES (N'202510051714581_AddNganSachTable', N'dacn.Migrations.Configuration', 0x1F8B0800000000000400D55CDD6EDB3614BE1FB077107439A49693224017D82D323B4983D649103BC5EE0246626C6212A949541063D893ED628FB45718F52F91A244C9F21F0A1409451E1E1E7EE747E4A7FCF7CFBFA32FEF8EADBD41CF47048FF5D3C150D720368985F072AC07F4F5C327FDCBE79F7F1A5D59CEBBF623EDF731ECC746627FACAF28752F0CC33757D001FEC041A6477CF24A0726710C6011E36C38FCD5383D352013A133599A367A0C30450E8C7E61BF4E0836A14B0360CF88056D3F69674FE69154ED0E38D0778109C7BA054C3C88BBE9DAA58D0053610EED575D0318130A2853F0E2C98773EA11BC9CBBAC01D88BB50B59BF5760FB3051FC22EFAEBA86E159B806231F988A32039F12A7A5C0D38F89510C7E7827D3EA99D198D9AE9879E93A5C7564BAB13E0578350B4C5DE3E7BA98D85ED8AF64D841D2FD440B1B4FB27D67F008FF9D6893C0A68107C71806D403F689F610BCD8C8FC06D70BF207C4631CD8765121A6127B566A604D0F1E71A147D78FF03551730632458DF270831F9F8D1687C6EBB9C5F4E399AEDD3155C08B0DB3DD2FAC7D4E89076F20861EA0D07A0094428F6DDEAD0523FB094A70532E20E6E664A0638EA36B33F0FE1DE2255D31971A3257B946EFD04A5B123D9E30627EC606512F80157AD6CFFD9D00543BABD2A4F573CCC0DD3220681A84C2EB8DCA09BA036F6819D99813798300992273A56B8FD08E3AF82BE4C61E9CA2EE39EF74ED11E791D83980B367CF731278269B7941241D16C05B42AAAE5A61AD15BA654F9FB32DCF95131E6693A7DA893D52FD8BEA8D8CDC716BDD39B7909A3FA7FDF7E0D0B9AAED3D3A1FBB2B979E9105A871ABB3F3F31EFCEA6E09D637D3749A295374C19261EB1030270B047126069AC801B6AE3D78ECA7249D7FD2B5B90942890A4EDB35A0EE3C88647A6D1A43782F950699BE63489576E2D39A2852ABA1721829A8AB1647B2017B08240565DB4712650CF65D1D2CEF56C0AD8928E75BA90E66807E5B8160F765C957B2C843D206D33607D005206204ED2382B4CCF47C1D22AF057AA9915AC710B97EB595528B1802F01CA8972269FFBD449054D52E01241DBBB352A473E2544CE42AD5C50D22E82BD85E91B158814D97C7FEDF50802C9A6CA5404981541D5DCACF2A9C97EBD0F74B4E22BED0AD42BB3C8448F5CBBBB4092E97BE4F4C1469C5EB9B99ABBCD02B6C698D91394E46A5E8C992120B33C8658185E9C1402C98B04E725697E592B3DD2CCBFD4590CB0212F4C20800EC09333E0B710853317A216C2217D84D8BE306B62D9DC2ADC8E6E29F4CA10B7118AC9AECD08312D95C5C606EB2D6C8286046154A59E66CDE71318DF60626B1CACF45E7B97DCB70E2D7B71F3CF1A6380E4009AF9AB23D979F5D35C68F3A28C95F67770624D9CAD4365072D6DB0A4432236CACC14E2212570AC88386AC2E2846A3B4406DDAE91AB9EA896D381888D8EC188CAA95D81D8664E63D2A0CE5D1B071B72BEAB79E7024967D6AF992B7DC3D9E421B52A85D9AF17DDA04F826B0C4129C1592569F181416B0DB8428DBA0434C887109CFC65036027A8916931562EF8DB4E234E0C987C981809F9CF2F0700AE5CD21E55FA2F277053E2409802C4BC8939F20427A2BC1CB28D85410223F9114A5A44E552144722851307B853AF9EB63A19FF4048B4783CA6B53B68692110460A9BC27154449EF77CBCB6D658A7C33EB6C515DA6A9D6FD1B5843A8CF0AB2E4B763ADED21DE7C88D6A82F59D58AD6E6CD54AB52B76305F178A50A137575975AE555C243B507AB955A5BF20DF120A7C60E92DA41B57AE86C0BB15C5071B31A7BA4074B5956CA9E8D8C984A94348C0C09E7683403AE8BF0B2C0414A5AB4794C409A7C98B727E838B10CC3F42B783A99B6D94C94786009B9A76C6AA6E935F27C3A0514BC80F04872623962B724074B72523A4B39CD8ADB9526AAB47FF8733CA6822A5451A224E3AED9529CB0C889CEC32BE02E8CD442DE17B081273FC89E103B707063092E9755E4EE148515DBD5A5C56C9CA29CB8455D42A97A2BAFAE26DF8440E6CC2C147EC2460A157419174AA8A949206AB0910950C08D7CA8DCB8798629DB5696796AA5451C91929CA8455D424A0029CA48DBD4A5A4FC8FA294B4AD0DF0FA73AA2303715DDA5343B15482028C6BC6F66DDFFA20985014C428983C68B3FF09EDA0AC5BD2A82E27611114A5244DED7C2CBAD5E39D2C6A3C200C2605537708560B5042A06C681D00D3028FC79FACF0AB97D6279CFB0C65DCF5B71863B3472DDC2DBEEC2E395ADCD402D6E16D7709D261C391BA8550AEF35DB2D9B3B29D2BCF4749A9DCFCDD80503BC75D422A037943565837CFD73E85CE20EC3098FF694F6CB6CD34EF300318BD429FC63414FD6C787AC67D8170385F0318BE6FD915AF1A159F0494B76BE7347D149AB8912AD396562230F3F11BF0CC15F04436DA06C47B89D0A2CC8E3CFBC82AC211EA2DB6E0FB58FF2B1A77A1DDFEFE5C187AA2DD7B0CA517DA50FBBB6155ED79E69D40D227F57B2B3029B2BD2BF732E27BB7DBCC32B9DB628AD2CDC9DDD6D6C9DDEA80CBBE0D5286DB31215E768DB61792F216636389975C89FDF3F6B191A31DF716734BAC6215A91D48C4559E2A8A694F8BED08A3FE98AADB899CBB76E05D863015F454D2637B0FD3257A6CB4BEEEE4D84EC39B7DA445B0ED85DEB939058FFF667387F4CD9DD209E427F3FB270FF443CFDC1C0B7C99B953F6E54ED15073E07E8870684BAEDC944CB90F20B473D03E986E2D417020D4B6A6DCD0020295B445F166BA2323EE48505073647CC028502138B6CC0BFC7A36A01DEE1743FB49292D717410F444814121B9A5512721C6E7C8AC387E09EBE4B828EE95A1583541DFFCC5AA397AA637564F113F85FEBEE98F1D187E1C368E88DED861B13C528F83BDD89AADB8ED65F64C4FECBA4CDE616BB97B87C23FEC0EDEBE96DB825E28DE4BB25C56F8AB672C99FA68998B08FF061A8666298B657D6EF12B49332AA751DA853F1C8314582CC55D7A14BD0293B2C726F4FDE8CF31FC0076C0BA5C392FD0BAC5F7017503CA960C9D17BBF4517A9894EBE68F3894659D47F76EF449711F4B606AA2F0C0E91EFF1620DBCAF4BEAE3870928808B37D72E819EE250D0F3F97EB4CD21DC18A8212F36545CA023AAECD84F9F70C426FB08B6E4F3EFC0E97C05CA7D7CB7221CD1B5136FB688AC0D2038E9FC8C8C7B35F19862DE7FDF3FF36659461FC4F0000, N'6.5.1')
INSERT [dbo].[__MigrationHistory] ([MigrationId], [ContextKey], [Model], [ProductVersion]) VALUES (N'202510070736434_UpdateDatabase', N'dacn.Migrations.Configuration', 0x1F8B0800000000000400D55CDD4EE33814BE5F69DF21CAE58A698111D22C6A67C4B6C0A09902A265B477C824A6B53671BA898340AB7DB2BDD847DA57583B3F4E62C7A99DA62968A41124F6F1F1F1778ECF713EF3DF3FFF8EBEBCF89EF50CC30805786C1F0D0E6D0B622770115E8EED983C7DF8647FF9FCF34FA373D77FB17EE4ED3EB276B4278EC6F68A90F5E97018392BE88368E023270CA2E0890C9CC01F0237181E1F1EFE3A3C3A1A422AC2A6B22C6B741763827C98FC427F9D04D8816B12036F16B8D08BB2E7F4CD3C916A5D031F466BE0C0B1ED02070FD266B675E62140559843EFC9B600C60101842A787A1FC1390903BC9CAFE903E02D5ED790B67B025E0433C54F8BE6BA73383C667318161D73514E1C91C0371478F43133CA50ECDECAB436371A35DB39352F7965B34E4C37B6A700AF66B1635BE258A7132F64ED2A861D64CD0F2CF6F080AF3B8507FB77604D628FC4211C631893107807D66DFCE821E71B7C5D047F403CC6B1E79515A22AD1779507F4D16D18AC61485EEFE053A6E60C704587D5EE43B13FEF2D774DE77385C9C763DBBAA6AA80470FF2D52FCD7D4E82105E420C4340A07B0B0881215DBC2B1726F6939410865C402C8C4941471DC7B666E0E53BC44BB2A22E75485DE502BD40377F92E9718F11F533DA898431ACD1B379ECEF01408DA36A0DDA3CC60C5C2FE3004D6326BCD9A882A06BF08C96898D059197080453E4AC6CEB0E7A49836885D6A907E7A87B281A5D84817F17780580F9BB877910870E1D7911281A2C40B884445FB5D25C6B74E36F1FF89217CA492FF9E0B976728B5CFFB27AA361E1B88DEE5C5848CF9FF3F67B70E84255738F2EFAF6E5D2B360011ADCEAF8E4A403BFBA5E82D7CB693ECC942ABAA09BA1710898070B043117031DE403CFB66E43FA53B69D7FB2ADB90398440DA76D1B507B0F225CAF6D6388E8A5CA20A31F43009E034578E3528B56856ED24B29C0C92D7615E1EA6C27BF6D88718DF6D30E728599F4825CDE7E0F41AE50D53CC8157D7B0B72AD5D523344E8C4AD4B14A0AF6077E16BB102DB4E8FFEBFA5001AE81720308FF4AD421F8F0BB5194AF59D145DA4065D07974C7CA9598D76450851EA5734A9D3D020B8703D74A34BD6612FE1852BDB26BE68FA7AD785D1F27A05D60DC9D4C94E0AA31920DF5620EEBF22FB1A2C8A6C6C8B615B86946E2288519123FBA8AA0CEAA43C344E50D4FA351689AA18721645818312AD840C859BAB3ACD73EC5A9BC26F8A967288A4A0A18104AD69E8A04A8CED5F24F335C8E5395921972F6555ECE160702449A6410786CCC78137A1B6A7610C61224728841DB406DE0625847E66073E6C19F840E29B295C43CC62D106F36EAD011F4888BA9BEC341A96C0B20943A2CFA9175BE9806514F1685F5D6F79B19B24EBE34886674B102926A7B786CA1DD210470A3B74A044AF50E20172F38ACBD1B23330C9956221BA08E13B869338BFFDE04934C57B019494B56FDC896A52F88EF63839F3D783AA68B91B3C851E24D03A73D28F35131039C09573289A07B85DEE8FD204FAC5A26A81DE0716E5D33315601A8ED236C79FDAB4A849762D16B5506E3079E95453A59FFA33C9C68DBC69DAEA93D3DE22BA6A66FD65992A23BCBD2C33AD5F681F427BC030D361B2420BC4164D3AF0B88F6076E6116555A80804266F0E895843168592882D094A550905582411CA0F46A28CC2CD2419CAF35859068F6A354254A72E25B3CBEA14B573A999EA884EC48246C9C8A750B680042A8D1AB12448F9D5BD3A532D2B484708756668AC7934AB9E8A21D49B934E99B3635314906EB2457D70D74DDBB7B08614D54BB2D49F6F5BD8433E036E701145CEA99B75B6761339CDD4316D0B7BD47C0F94CDB121EDD14C7C34165433CDD1306B0B53C85F6D654B34E7407A59D0663FD74B7BB67390FC80916FD0FCDD689812DEB207A3A18219379A81F51AE1658929973DB1E6294D6EF2616E4E23F353194327AA6193716DF9482408C1120A6FE9D054D30B1446640A087804EC887BE2FA72B32C1D516CD0F928D58C435EAB7CD3CEDBB39FD33E3584B69A5C2DEB7741A7E2B35C2FF9F4518313A9A7C5D889C003A1FAA3E824F0621F6FCC00D5B2CA0CB3B2B0F2737D692967AC2C277DA22FA152065667D7B0E930200B669672606921A552BC8A0B2DD434840A3DD8A80468E046DD556DDC2296546DAB8ED90DD2122653454EF2445F424E532ACBC89FE94BC9594A6529F93313E075E754EF0CC40D1BBF1E8855023440ACEEDA64DC3C2D106DABCAC2BA5FAA3E6024D058647CF35706F13E25AD54427DFAC8C06D196BA5E2B3EC8199DB275F9845BF4F1EBE21B7509707BA7EA190A0E518CABE7D61B942B2909383EC85896F64C489AA6ED9437D39190FA22C257BF47E31584DE5EB938C5219D79C4C941AEAC65B569328A81252B1271BC728DBE0729BD28EE4D3482EB08DAECAA3D3CE369546156919E2A2E47CFD2A62341FCEC531B48458E4C9E0916A3DB109872EAFF984DA6E94D5599BAF46498557DA84712A8367E4B2A26BFE1A11E80F5883C1FC4F6FE2D17D8A140D6600A327189194B0661F1F1E1D0B97ACDECE85A76114B95E4D9D5A73EBA9BA66BDDF4442CCC41B2975A6FC56E9F2117E06A1B302A1CC3ADBE26E9142685966CBAB448955A44F1157D8852F63FBAFA4DFA975F5FB43A9EB81751352949E5A87D6DF1B66657E95A61548BABCDDB21398942FB4D4AE6572A5C56C31ABF7575CAA28D9FEFE8ABBF3FB2BFA80E3D71FB5E1F69E10AFF880BE87AB0EBB417CDF86EF137A3AEE597BBFA273F7AADCAF48E6D7FE7645ABEE552274EB28549BE599AD5A8D08FDF56B7163A1A5DF7679876087294DE5DA40ED9675629ED208B7023A4B952AA47F1DA92D38FE75D0D6C7D116AC75F172BB299B5CFEB8DA920CB80D61680F34F437C808EA8477BE3D37D800515D13817B255B9A616FDFD4CA36BCF1EDB120EEB6BDD2C27B4543C357C4B7090703D6B7211CC4F96CC1C5DEEFEEB21F2419EE30FB46923967BB0B8EF63EE060E8E24D27EBBB0183E6B17E0FA030E5B26FCB5DDFC73ED37FEE6908C037C046975862E2021A73CED3CF1DB4607A64B5535A28754A48AF1BA05BBA7ADD08F95B18754567AF1F659F6C776175B5199AA251BB26A6EE8ECEDE82B16D60A43746576F3159D121DF051BBDFD74770DE49D91CDCDC9E5BB9EEA6EC8E4C6A1A92B001BB0C565A600DDB64B7F6A95660D115A1622180F0243A7B261F33657F829C8530741A3BC8978C80A0970E96E7E1612F4041C425F3B308A923F84F20378316D72EE3F42F70ADFC4641D133A65E83F7A953F27C3F28FA6F1134A7C55E7D1CD3AF94B215D4C81AA89D879EB0DFE2D469ECBF5BEA8F9DEA610C1129BEC509CAD256187E3CB572EE93AC09A8232F3F17C6C01FDB547854537D4539E611BDDEE23F81D2E81F39A133ED442362F44D5ECA32902CB10F85126A3E84F7FA51876FD97CFFF03E83DA65971580000, N'6.5.1')
INSERT [dbo].[__MigrationHistory] ([MigrationId], [ContextKey], [Model], [ProductVersion]) VALUES (N'202510070853036_UpdateDatabase1', N'dacn.Migrations.Configuration', 0x1F8B0800000000000400D55CDD6EE3B612BE2FD07710747990DA49160BB481DD628FBDD9065D278BB577D1BB05233136518972252A4850F4C97A711EE9BC4249FD502229CAA42CC9090A141B8A1C0E87DF0C67C819FFFF9FFFCD7E790A03E711C6098AF0DCBD989CBB0EC45EE423BC9DBB2979F8E147F7979FBFFF6EF6DE0F9F9CAF65BF37AC1F1D8993B9BB23647F359D26DE0E86209984C88BA3247A20132F0AA7C08FA697E7E73F4D2F2EA6909270292DC7997D4E314121CCFEA07F2E22ECC13D4941B08A7C1824453BFDB2CEA83AB72084C91E7870EEFAC0C393BC9BEBBC0B10A02CAC61F0E03A00E388004219BCFA92C0358923BC5DEF69030836CF7B48FB3D80208105E3575577D3359C5FB2354CAB8125292F4D48145A12BC785308652A0FEF245A970B8D8AED3D152F7966ABCE4437779700EF56A9E73AF25C578B2066FD04C14E8AEE670E6B3CE3FB4EE1C1FE3B73166940D218CE314C490C8233E7537A1F20EF37F8BC89FE80788ED320A8334459A2DF8406DAF4298EF63026CF9FE143C1E60A7046A7E2F0A93C9E8F5687E6EBB9C1E4CDA5EBDC5256C07D00F9EED7D6BE26510C3F400C6340A0FF09100263BA79373ECCE4A730214DB981589A93828E2A8EEBACC0D34788B7644755EA9CAACA357A827ED952F0F10523AA6774108953D8C067FBDC1F23805A67359AB47D8E15B8DDA6115AA68C78BB502542B7E0116D33194B243F20102D91B7739DCF30C83A243BB4CF35B844DDB7AAD3751C859FA3A00230FFF66D1DA5B14767DE449A0E1B106F213167ADB6D606DEF8D76F7CCB2BE6948F7CF2923BB547C97F9DBDD9B452DC5675AE2464A6CF65FF132874C5AABD465763C752E955B4012D6A75F9F66D0F7A75BB05CF1F96E5344BCAE8861E86D626601D6D10C49C0CF4500802D7F914D37F15C7F98FAEB3F600A368A0B45D0DEAE84684F375AC0D91B5546B64CC6D08C06BA0316F9C6AD5ABE24DF9A81838B5C75016AE4976EAD7161BD72A3F63235789C9CCC895FD4F60E42A56ED8D5C35763423D759250D4D8489DDFA8022F42B18CE7C2DC1628706A34E23968F6038F29B1D38766FE8FF8F24404FA90D88EC8FA94E769B1BB546F74AFCA69846A543DF96B1205FEBD6C05D65FFB4FC555D9A38B4B08C9C0F53D3580C38896DE4CC76318E8686AAEFA86E7BBB03FB164FF0ED2051DD0A90DF76201D3F9CFC35DA54AEE411D3763429FD5810AB084DD5515D0CD74B6C6BED5DE9F96B8D707536E45D92441ECAB892DC2B2E2E7199EFB1EF1C32BF395AEA269282861A12B4A7A683323177FFA388AF852E77282BBA7C2B45B2E793C98542991A1D18331D07013D9E136AC61026AA8542D8437B101C60421A67775BC5B6814F247F59C23DC4CC161D10EFD11CF08924AB7B484EB3690D2C873024EB9C7EB3B50A584711B7F6E27EAB9BDD46D91C472A3C3B8248B338B33DD49E909638D2C8A10726468512379087775CB596BD81490D732BD295091F184EF2FA4E83275914AF05508AD77EF0246A70E17B3AE354CFDF0CAAB2E4EEF012069040E79D97BF342D40E2015FF5A1A81FE0F7793E2A0B18178BBA0D7A1D5854AFFE748069B9073C6C7F1ADDA236DA8D583442B9C5E2952B591D7FFA379E830779DBB2F5D7BEA35974DDCAC6F332754278795E661EBFD031848E807179E1B6431BC4364DB9F0F892C0E2CE2329A25019088CDE1A123986AC0225195B0A94440A15581412DAD72E9946A5660A0DED65B24A835BB50622BA5B979AD85576AAD8B9D64D77452763C12064E44BA84B400195418C5823A44D1910576A2405E50AA1490CAD318F61D42308427F38998439038BA282749B2C9A8DBBA9DB7E843414AB5EA3A57F7BEE200FF50EB84545343EA7A9D7D9594D5437D344B41DE4D1F098A98AE380DB63E8F8186CA8A19B6320D60EA2509F9C5549B4FB40665ED0613D37737B8E5390F282911FD0FCDB6C9A67EB150DB3A926AD6FB602FB3DC2DB5A9A5FD1E2ACF31CBFC50F6BFB1CB830A731F592865438CE2D9F894431D842E92B7BD8F3E1358A13B20404DC0376C5BDF043B55BE18E680EE87216D1E350F7AA3CB4CBFEECDFF998866CBC065FAD18774D9712325F2F7BFA68C08932D261A9952000B1FE4577110569880F7A807A5AF5F4B83AB17ABB39B53CE1AD4E276F31A7208481E2EA5A0E1D066449CC8A0FAC6CA4128A8BB830424D8BA930838D8E80016EF443F5C2AD6C89285BBDCD6EA196A5610974B216730A658E559D46D9664EA54CB1AA5329DB6C80D79F52BD3210B71CFC6620D6113000B17E689B704BB74096ADCE0BEB7FABC680919483A3E29B7F32A75964DCD469154DE634CABC9A3A91B2CDE2E4C9D3678443276FB230202C7F46B01EACC1CE00656FDDB205CA1A5F9082EA0315530DD550305251EDD8B1B44A48F750DD94E2838D9616291C226F45A3399D2223A34EA5687ABD1814838A6677A71650B6BB35B58EA6969F45479AA40D25EC548563E5F770BA6D0E50F6485312ECC2ABF612B7B7E3AD95456A997D94DDF4DF242CE1886705594A420E3755F02851A7DC854397479F5294392B22BEC315664A08987761D99DD123F259F8B77E4E080C27ACC364FD67B008E88949AA0E2B80D1034C489E3AE75E9E5F5C4AB56A2FA76E6C9A247ED0103137148F897B367A411762223E98DC679B69ABD470E147107B3B10ABF96F4794686988D66976ACC8CAA4A23C8ADC601F3ECDDDBFB27157CECDEFDF6A43CF9CBB98A2F4CA3977FE3EB02AFB8AA44E20E9B348681098D4EB821AF732AB0CB2DB4CB10CC8A78C92E3CB80FCC1CB80CC01C7AB488DE1F69A10AF79CA3F41C5C830881F5BF06342CF443D1BCB547A572FA14CA577EA62994AEFE48532956C73BA17A9741A2EE6937736A18D2EAA1DE41A489883AF43E14747A3D36729C680FE98507DD178DEBEB5F7C7A4E28ADEFC3CA176C2846A87528926689BE3E888E47FF9070E6C93F2D537EA8E3995C7E45D9D209BFF052656F592BE7F7C8AB505A2FACEA71E3567D50E7BA7CE50ED927E7F3C16E4D376D4ECFA51D1D0F218FB32E160913C6F0907793D47A4B49FF674390D922C4F985323C93EF5BD8F54F753C0C152C5DB9E05860183E19BC408A0B02D0938B604E014E7CCF8BEA725005F4052BF926C276FA075EA7EFE564303A67B163BE58152AF79FD4D13F49BF5DF3443F915267D550534CF72CAA20169778D135D65A1F69DDF3B5C554087C4770B21BDB0ACFF0E8B9515F25524F5775FEED0401E2C67DF3E477FE8A50E93936F6D9AFA02B045D2BD9AE6408FEDDACFED52AF2141DB8A044BE2C0D0130E6CDEE7063F44A5EB20715476912F5921013E3DCDDFC5043D008FD0CF1E4C92ECF764BE8220A55DDE87F7D0BFC17729D9A7842E1986F781F0AB3CCCFF689B3FAB2C10799EDDEDB31F5CE96309944DC4EE5BEFF07F5314F89CEFEB86C7420D09E6D81497E26C2F09BB1CDF3E734AB711362454888FFB631B18EE034A2CB9A39AF208BBF0F625811FE11678CF65B68A9EC8E18D10C53E5B22B08D41981434AAF1F44F8A613F7CFAF95F2637EECE755A0000, N'6.5.1')
INSERT [dbo].[__MigrationHistory] ([MigrationId], [ContextKey], [Model], [ProductVersion]) VALUES (N'202510071444026_UpdateChiTietModel', N'dacn.Migrations.Configuration', 0x1F8B0800000000000400D55CDD4EE33814BE5F69DF21CAE58A698111D22C6A67C4B6C0A09902A265B477C824A6B53671BA898340AB7DB2BDD847DA57583B3F4E62C7A99DA62968A41124F6F1F1F1778ECF713EF3DF3FFF8EBEBCF89EF50CC30805786C1F0D0E6D0B622770115E8EED983C7DF8647FF9FCF34FA373D77FB17EE4ED3EB276B4278EC6F68A90F5E97018392BE88368E023270CA2E0890C9CC01F0237181E1F1EFE3A3C3A1A422AC2A6B22C6B741763827C98FC427F9D04D8816B12036F16B8D08BB2E7F4CD3C916A5D031F466BE0C0B1ED02070FD266B675E62140559843EFC9B600C60101842A787A1FC1390903BC9CAFE903E02D5ED790B67B025E0433C54F8BE6BA73383C667318161D73514E1C91C0371478F43133CA50ECDECAB436371A35DB39352F7965B34E4C37B6A700AF66B1635BE258A7132F64ED2A861D64CD0F2CF6F080AF3B8507FB77604D628FC4211C631893107807D66DFCE821E71B7C5D047F403CC6B1E79515A22AD1779507F4D16D18AC61485EEFE053A6E60C704587D5EE43B13FEF2D774DE77385C9C763DBBAA6AA80470FF2D52FCD7D4E82105E420C4340A07B0B0881215DBC2B1726F6939410865C402C8C4941471DC7B666E0E53BC44BB2A22E75485DE502BD40377F92E9718F11F533DA898431ACD1B379ECEF01408DA36A0DDA3CC60C5C2FE3004D6326BCD9A882A06BF08C96898D059197080453E4AC6CEB0E7A49836885D6A907E7A87B281A5D84817F17780580F9BB877910870E1D7911281A2C40B884445FB5D25C6B74E36F1FF89217CA492FF9E0B976728B5CFFB27AA361E1B88DEE5C5848CF9FF3F67B70E84255738F2EFAF6E5D2B360011ADCEAF8E4A403BFBA5E82D7CB693ECC942ABAA09BA1710898070B043117031DE403CFB66E43FA53B69D7FB2ADB90398440DA76D1B507B0F225CAF6D6388E8A5CA20A31F43009E034578E3528B56856ED24B29C0C92D7615E1EA6C27BF6D88718DF6D30E728599F4825CDE7E0F41AE50D53CC8157D7B0B72AD5D523344E8C4AD4B14A0AF6077E16BB102DB4E8FFEBFA5001AE81720308FF4AD421F8F0BB5194AF59D145DA4065D07974C7CA9598D76450851EA5734A9D3D020B8703D74A34BD6612FE1852BDB26BE68FA7AD785D1F27A05D60DC9D4C94E0AA31920DF5620EEBF22FB1A2C8A6C6C8B615B86946E2288519123FBA8AA0CEAA43C344E50D4FA351689AA18721645818312AD840C859BAB3ACD73EC5A9BC26F8A967288A4A0A18104AD69E8A04A8CED5F24F335C8E5395921972F6555ECE160702449A6410786CCC78137A1B6A7610C61224728841DB406DE0625847E66073E6C19F840E29B295C43CC62D106F36EAD011F4888BA9BEC341A96C0B20943A2CFA9175BE9806514F1685F5D6F79B19B24EBE34886674B102926A7B786CA1DD210470A3B74A044AF50E20172F38ACBD1B23330C9956221BA08E13B869338BFFDE04934C57B019494B56FDC896A52F88EF63839F3D783AA68B91B3C851E24D03A73D28F35131039C09573289A07B85DEE8FD204FAC5A26A81DE0716E5D33315601A8ED236C79FDAB4A849762D16B5506E3079E95453A59FFA33C9C68DBC69DAEA93D3DE22BA6A66FD65992A23BCBD2C33AD5F681F427BC030D361B2420BC4164D3AF0B88F6076E6116555A80804266F0E895843168592882D094A550905582411CA0F46A28CC2CD2419CAF35859068F6A354254A72E25B3CBEA14B573A999EA884EC48246C9C8A750B680042A8D1AB12448F9D5BD3A532D2B484708756668AC7934AB9E8A21D49B934E99B3635314906EB2457D70D74DDBB7B08614D54BB2D49F6F5BD8433E036E701145CEA99B75B6761339CDD4316D0B7BD47C0F94CDB121EDD14C7C34165433CDD1306B0B53C85F6D654B34E7407A59D0663FD74B7BB67390FC80916FD0FCDD689812DEB207A3A18219379A81F51AE1658929973DB1E6294D6EF2616E4E23F353194327AA6193716DF9482408C1120A6FE9D054D30B1446640A087804EC887BE2FA72B32C1D516CD0F928D58C435EAB7CD3CEDBB39FD33E3584B69A5C2DEB7741A7E2B35C2FF9F4518313A9A7C5D889C003A1FAA3E824F0621F6FCC00D5B2CA0CB3B2B0F2737D692967AC2C277DA22FA152065667D7B0E930200B669672606921A552BC8A0B2DD434840A3DD8A80468E046DD556DDC2296546DAB8ED90DD2122653454EF2445F424E532ACBC89FE94BC9594A6529F93313E075E754EF0CC40D1BBF1E8855023440ACEEDA64DC3C2D106DABCAC2BA5FAA3E6024D058647CF35706F13E25AD54427DFAC8C06D196BA5E2B3EC8199DB275F9845BF4F1EBE21B7509707BA7EA190A0E518CABE7D61B942B2909383EC85896F64C489AA6ED9437D39190FA22C257BF47E31584DE5EB938C5219D79C4C941AEAC65B569328A81252B1271BC728DBE0729BD28EE4D3482EB08DAECAA3D3CE369546156919E2A2E47CFD2A62341FCEC531B48458E4C9E0916A3DB109872EAFF984DA6E94D5599BAF46498557DA84712A8367E4B2A26BFE1A11E80F5883C1FC4F6FE2D17D8A140D6600A327189194B0661F1F1E1D0B97ACDECE85A76114B95E4D9D5A73EBA9BA66BDDF4442CCC41B2975A6FC56E9F2117E06A1B302A1CC3ADBE26E9142685966CBAB448955A44F1157D8852F63FBAFA4DFA975F5FB43A9EB81751352949E5A87D6DF1B66657E95A61548BABCDDB21398942FB4D4AE6572A5C56C31ABF7575CAA28D9FEFE8ABBF3FB2BFA80E3D71FB5E1F69E10AFF880BE87AB0EBB417CDF86EF137A3AEE597BBFA273F7AADCAF48E6D7FE7645ABEE552274EB28549BE599AD5A8D08FDF56B7163A1A5DF7679876087294DE5DA40ED9675629ED208B7023A4B952AA47F1DA92D38FE75D0D6C7D116AC75F172BB299B5CFEB8DA920CB80D61680F34F437C808EA8477BE3D37D800515D13817B255B9A616FDFD4CA36BCF1EDB120EEB6BDD2C27B4543C357C4B7090703D6B7211CC4F96CC1C5DEEFEEB21F2419EE30FB46923967BB0B8EF63EE060E8E24D27EBBB0183E6B17E0FA030E5B26FCB5DDFC73ED37FEE6908C037C046975862E2021A73CED3CF1DB4607A64B5535A28754A48AF1BA05BBA7ADD08F95B18754567AF1F659F6C776175B5199AA251BB26A6EE8ECEDE82B16D60A43746576F3159D121DF051BBDFD74770DE49D91CDCDC9E5BB9EEA6EC8E4C6A1A92B001BB0C565A600DDB64B7F6A95660D115A1622180F0243A7B261F33657F829C8530741A3BC8978C80A0970E96E7E1612F4041C425F3B308A923F84F20378316D72EE3F42F70ADFC4641D133A65E83F7A953F27C3F28FA6F1134A7C55E7D1CD3AF94B215D4C81AA89D879EB0DFE2D469ECBF5BEA8F9DEA610C1129BEC509CAD256187E3CB572EE93AC09A8232F3F17C6C01FDB547854537D4539E611BDDEE23F81D2E81F39A133ED442362F44D5ECA32902CB10F85126A3E84F7FA51876FD97CFFF03E83DA65971580000, N'6.5.1')
INSERT [dbo].[__MigrationHistory] ([MigrationId], [ContextKey], [Model], [ProductVersion]) VALUES (N'202510071638254_UpdateChiTietModel1', N'dacn.Migrations.Configuration', 0x1F8B0800000000000400D55CDD6EDB3614BE1FB077107439A49693224017D82D323B4983D649103BC5EE0246626C6212A949541063D893ED628FB45718F52F91A244C9F21F0A1409451E1E1E7EE747E4A7FCF7CFBFA32FEF8EADBD41CF47048FF5D3C150D720368985F072AC07F4F5C327FDCBE79F7F1A5D59CEBBF623EDF731ECC746627FACAF28752F0CC33757D001FEC041A6477CF24A0726710C6011E36C38FCD5383D352013A133599A367A0C30450E8C7E61BF4E0836A14B0360CF88056D3F69674FE69154ED0E38D0778109C7BA054C3C88BBE9DAA58D0053610EED575D0318130A2853F0E2C98773EA11BC9CBBAC01D88BB50B59BF5760FB3051FC22EFAEBA86E159B806231F988A32039F12A7A5C0D38F89510C7E7827D3EA99D198D9AE9879E93A5C7564BAB13E0578350B4C5DE3E7BA98D85ED8AF64D841D2FD440B1B4FB27D67F008FF9D6893C0A68107C71806D403F689F610BCD8C8FC06D70BF207C4631CD8765121A6127B566A604D0F1E71A147D78FF03551730632458DF270831F9F8D1687C6EBB9C5F4E399AEDD3155C08B0DB3DD2FAC7D4E89076F20861EA0D07A0094428F6DDEAD0523FB094A70532E20E6E664A0638EA36B33F0FE1DE2255D31971A3257B946EFD04A5B123D9E30627EC606512F80157AD6CFFD9D00543BABD2A4F573CCC0DD3220681A84C2EB8DCA09BA036F6819D99813798300992273A56B8FD08E3AF82BE4C61E9CA2EE39EF74ED11E791D83980B367CF731278269B7941241D16C05B42AAAE5A61AD15BA654F9FB32DCF95131E6693A7DA893D52FD8BEA8D8CDC716BDD39B7909A3FA7FDF7E0D0B9AAED3D3A1FBB2B979E9105A871ABB3F3F31EFCEA6E09D637D3749A295374C19261EB1030270B047126069AC801B6AE3D78ECA7249D7FD2B5B90942890A4EDB35A0EE3C88647A6D1A43782F950699BE63489576E2D39A2852ABA1721829A8AB1647B2017B08240565DB4712650CF65D1D2CEF56C0AD8928E75BA90E66807E5B8160F765C957B2C843D206D33607D005206204ED2382B4CCF47C1D22AF057AA9915AC710B97EB595528B1802F01CA8972269FFBD449054D52E01241DBBB352A473E2544CE42AD5C50D22E82BD85E91B158814D97C7FEDF50802C9A6CA5404981541D5DCACF2A9C97EBD0F74B4E22BED0AD42BB3C8448F5CBBBB4092E97BE4F4C1469C5EB9B99ABBCD02B6C698D91394E46A5E8C992120B33C8658185E9C1402C98B04E725697E592B3DD2CCBFD4590CB0212F4C20800EC09333E0B710853317A216C2217D84D8BE306B62D9DC2ADC8E6E29F4CA10B7118AC9AECD08312D95C5C606EB2D6C8286046154A59E66CDE71318DF60626B1CACF45E7B97DCB70E2D7B71F3CF1A6380E4009AF9AB23D979F5D35C68F3A28C95F67770624D9CAD4365072D6DB0A4432236CACC14E2212570AC88386AC2E2846A3B4406DDAE91AB9EA896D381888D8EC188CAA95D81D8664E63D2A0CE5D1B071B72BEAB79E7024967D6AF992B7DC3D9E421B52A85D9AF17DDA04F826B0C4129C1592569F181416B0DB8428DBA0434C887109CFC65036027A8916931562EF8DB4E234E0C987C981809F9CF2F0700AE5CD21E55FA2F277053E2409802C4BC8939F20427A2BC1CB28D85410223F9114A5A44E552144722851307B853AF9EB63A19FF4048B4783CA6B53B68692110460A9BC27154449EF77CBCB6D658A7C33EB6C515DA6A9D6FD1B5843A8CF0AB2E4B763ADED21DE7C88D6A82F59D58AD6E6CD54AB52B76305F178A50A137575975AE555C243B507AB955A5BF20DF120A7C60E92DA41B57AE86C0BB15C5071B31A7BA4074B5956CA9E8D8C984A94348C0C09E7683403AE8BF0B2C0414A5AB4794C409A7C98B727E838B10CC3F42B783A99B6D94C94786009B9A76C6AA6E935F27C3A0514BC80F04872623962B724074B72523A4B39CD8ADB9526AAB47FF8733CA6822A5451A224E3AED9529CB0C889CEC32BE02E8CD442DE17B081273FC89E103B707063092E9755E4EE148515DBD5A5C56C9CA29CB8455D42A97A2BAFAE26DF8440E6CC2C147EC2460A157419174AA8A949206AB0910950C08D7CA8DCB8798629DB5696796AA5451C91929CA8455D424A0029CA48DBD4A5A4FC8FA294B4AD0DF0FA73AA2303715DDA5343B15482028C6BC6F66DDFFA20985014C428983C68B3FF09EDA0AC5BD2A82E27611114A5244DED7C2CBAD5E39D2C6A3C200C2605537708560B5042A06C681D00D3028FC79FACF0AB97D6279CFB0C65DCF5B71863B3472DDC2DBEEC2E395ADCD402D6E16D7709D261C391BA8550AEF35DB2D9B3B29D2BCF4749A9DCFCDD80503BC75D422A037943565837CFD73E85CE20EC3098FF694F6CB6CD34EF300318BD429FC63414FD6C787AC67D8170385F0318BE6FD915AF1A159F0494B76BE7347D149AB8912AD396562230F3F11BF0CC15F04436DA06C47B89D0A2CC8E3CFBC82AC211EA2DB6E0FB58FF2B1A77A1DDFEFE5C187AA2DD7B0CA517DA50FBBB6155ED79E69D40D227F57B2B3029B2BD2BF732E27BB7DBCC32B9DB628AD2CDC9DDD6D6C9DDEA80CBBE0D5286DB31215E768DB61792F216636389975C89FDF3F6B191A31DF716734BAC6215A91D48C4559E2A8A694F8BED08A3FE98AADB899CBB76E05D863015F454D2637B0FD3257A6CB4BEEEE4D84EC39B7DA445B0ED85DEB939058FFF667387F4CD9DD209E427F3FB270FF443CFDC1C0B7C99B953F6E54ED15073E07E8870684BAEDC944CB90F20B473D03E986E2D417020D4B6A6DCD0020295B445F166BA2323EE48505073647CC028502138B6CC0BFC7A36A01DEE1743FB49292D717410F444814121B9A5512721C6E7C8AC387E09EBE4B828EE95A1583541DFFCC5AA397AA637564F113F85FEBEE98F1D187E1C368E88DED861B13C528F83BDD89AADB8ED65F64C4FECBA4CDE616BB97B87C23FEC0EDEBE96DB825E28DE4BB25C56F8AB672C99FA68998B08FF061A8666298B657D6EF12B49332AA751DA853F1C8314582CC55D7A14BD0293B2C726F4FDE8CF31FC0076C0BA5C392FD0BAC5F7017503CA960C9D17BBF4517A9894EBE68F3894659D47F76EF449711F4B606AA2F0C0E91EFF1620DBCAF4BEAE3870928808B37D72E819EE250D0F3F97EB4CD21DC18A8212F36545CA023AAECD84F9F70C426FB08B6E4F3EFC0E97C05CA7D7CB7221CD1B5136FB688AC0D2038E9FC8C8C7B35F19862DE7FDF3FF36659461FC4F0000, N'6.5.1')
INSERT [dbo].[__MigrationHistory] ([MigrationId], [ContextKey], [Model], [ProductVersion]) VALUES (N'202510071902113_UpdateChiTietModel2', N'dacn.Migrations.Configuration', 0x1F8B0800000000000400D55CDD6EDB3614BE1FB077107439A49693224017D82D323B4983D649103BC5EE0246626C6212A949541063D893ED628FB45718F52F91A244C9F21F0A1409451E1E1E7EE747E4A7FCF7CFBFA32FEF8EADBD41CF47048FF5D3C150D720368985F072AC07F4F5C327FDCBE79F7F1A5D59CEBBF623EDF731ECC746627FACAF28752F0CC33757D001FEC041A6477CF24A0726710C6011E36C38FCD5383D352013A133599A367A0C30450E8C7E61BF4E0836A14B0360CF88056D3F69674FE69154ED0E38D0778109C7BA054C3C88BBE9DAA58D0053610EED575D0318130A2853F0E2C98773EA11BC9CBBAC01D88BB50B59BF5760FB3051FC22EFAEBA86E159B806231F988A32039F12A7A5C0D38F89510C7E7827D3EA99D198D9AE9879E93A5C7564BAB13E0578350B4C5DE3E7BA98D85ED8AF64D841D2FD440B1B4FB27D67F008FF9D6893C0A68107C71806D403F689F610BCD8C8FC06D70BF207C4631CD8765121A6127B566A604D0F1E71A147D78FF03551730632458DF270831F9F8D1687C6EBB9C5F4E399AEDD3155C08B0DB3DD2FAC7D4E89076F20861EA0D07A0094428F6DDEAD0523FB094A70532E20E6E664A0638EA36B33F0FE1DE2255D31971A3257B946EFD04A5B123D9E30627EC606512F80157AD6CFFD9D00543BABD2A4F573CCC0DD3220681A84C2EB8DCA09BA036F6819D99813798300992273A56B8FD08E3AF82BE4C61E9CA2EE39EF74ED11E791D83980B367CF731278269B7941241D16C05B42AAAE5A61AD15BA654F9FB32DCF95131E6693A7DA893D52FD8BEA8D8CDC716BDD39B7909A3FA7FDF7E0D0B9AAED3D3A1FBB2B979E9105A871ABB3F3F31EFCEA6E09D637D3749A295374C19261EB1030270B047126069AC801B6AE3D78ECA7249D7FD2B5B90942890A4EDB35A0EE3C88647A6D1A43782F950699BE63489576E2D39A2852ABA1721829A8AB1647B2017B08240565DB4712650CF65D1D2CEF56C0AD8928E75BA90E66807E5B8160F765C957B2C843D206D33607D005206204ED2382B4CCF47C1D22AF057AA9915AC710B97EB595528B1802F01CA8972269FFBD449054D52E01241DBBB352A473E2544CE42AD5C50D22E82BD85E91B158814D97C7FEDF50802C9A6CA5404981541D5DCACF2A9C97EBD0F74B4E22BED0AD42BB3C8448F5CBBBB4092E97BE4F4C1469C5EB9B99ABBCD02B6C698D91394E46A5E8C992120B33C8658185E9C1402C98B04E725697E592B3DD2CCBFD4590CB0212F4C20800EC09333E0B710853317A216C2217D84D8BE306B62D9DC2ADC8E6E29F4CA10B7118AC9AECD08312D95C5C606EB2D6C8286046154A59E66CDE71318DF60626B1CACF45E7B97DCB70E2D7B71F3CF1A6380E4009AF9AB23D979F5D35C68F3A28C95F67770624D9CAD4365072D6DB0A4432236CACC14E2212570AC88386AC2E2846A3B4406DDAE91AB9EA896D381888D8EC188CAA95D81D8664E63D2A0CE5D1B071B72BEAB79E7024967D6AF992B7DC3D9E421B52A85D9AF17DDA04F826B0C4129C1592569F181416B0DB8428DBA0434C887109CFC65036027A8916931562EF8DB4E234E0C987C981809F9CF2F0700AE5CD21E55FA2F277053E2409802C4BC8939F20427A2BC1CB28D85410223F9114A5A44E552144722851307B853AF9EB63A19FF4048B4783CA6B53B68692110460A9BC27154449EF77CBCB6D658A7C33EB6C515DA6A9D6FD1B5843A8CF0AB2E4B763ADED21DE7C88D6A82F59D58AD6E6CD54AB52B76305F178A50A137575975AE555C243B507AB955A5BF20DF120A7C60E92DA41B57AE86C0BB15C5071B31A7BA4074B5956CA9E8D8C984A94348C0C09E7683403AE8BF0B2C0414A5AB4794C409A7C98B727E838B10CC3F42B783A99B6D94C94786009B9A76C6AA6E935F27C3A0514BC80F04872623962B724074B72523A4B39CD8ADB9526AAB47FF8733CA6822A5451A224E3AED9529CB0C889CEC32BE02E8CD442DE17B081273FC89E103B707063092E9755E4EE148515DBD5A5C56C9CA29CB8455D42A97A2BAFAE26DF8440E6CC2C147EC2460A157419174AA8A949206AB0910950C08D7CA8DCB8798629DB5696796AA5451C91929CA8455D424A0029CA48DBD4A5A4FC8FA294B4AD0DF0FA73AA2303715DDA5343B15482028C6BC6F66DDFFA20985014C428983C68B3FF09EDA0AC5BD2A82E27611114A5244DED7C2CBAD5E39D2C6A3C200C2605537708560B5042A06C681D00D3028FC79FACF0AB97D6279CFB0C65DCF5B71863B3472DDC2DBEEC2E395ADCD402D6E16D7709D261C391BA8550AEF35DB2D9B3B29D2BCF4749A9DCFCDD80503BC75D422A037943565837CFD73E85CE20EC3098FF694F6CB6CD34EF300318BD429FC63414FD6C787AC67D8170385F0318BE6FD915AF1A159F0494B76BE7347D149AB8912AD396562230F3F11BF0CC15F04436DA06C47B89D0A2CC8E3CFBC82AC211EA2DB6E0FB58FF2B1A77A1DDFEFE5C187AA2DD7B0CA517DA50FBBB6155ED79E69D40D227F57B2B3029B2BD2BF732E27BB7DBCC32B9DB628AD2CDC9DDD6D6C9DDEA80CBBE0D5286DB31215E768DB61792F216636389975C89FDF3F6B191A31DF716734BAC6215A91D48C4559E2A8A694F8BED08A3FE98AADB899CBB76E05D863015F454D2637B0FD3257A6CB4BEEEE4D84EC39B7DA445B0ED85DEB939058FFF667387F4CD9DD209E427F3FB270FF443CFDC1C0B7C99B953F6E54ED15073E07E8870684BAEDC944CB90F20B473D03E986E2D417020D4B6A6DCD0020295B445F166BA2323EE48505073647CC028502138B6CC0BFC7A36A01DEE1743FB49292D717410F444814121B9A5512721C6E7C8AC387E09EBE4B828EE95A1583541DFFCC5AA397AA637564F113F85FEBEE98F1D187E1C368E88DED861B13C528F83BDD89AADB8ED65F64C4FECBA4CDE616BB97B87C23FEC0EDEBE96DB825E28DE4BB25C56F8AB672C99FA68998B08FF061A8666298B657D6EF12B49332AA751DA853F1C8314582CC55D7A14BD0293B2C726F4FDE8CF31FC0076C0BA5C392FD0BAC5F7017503CA960C9D17BBF4517A9894EBE68F3894659D47F76EF449711F4B606AA2F0C0E91EFF1620DBCAF4BEAE3870928808B37D72E819EE250D0F3F97EB4CD21DC18A8212F36545CA023AAECD84F9F70C426FB08B6E4F3EFC0E97C05CA7D7CB7221CD1B5136FB688AC0D2038E9FC8C8C7B35F19862DE7FDF3FF36659461FC4F0000, N'6.5.1')
INSERT [dbo].[__MigrationHistory] ([MigrationId], [ContextKey], [Model], [ProductVersion]) VALUES (N'202510071911468_UpdateChiTietModel3', N'dacn.Migrations.Configuration', 0x1F8B0800000000000400D55CDD6EDB3614BE1FB077107439A49693224017D82D323B4983D649103BC5EE0246626C6212A949541063D893ED628FB45718F52F91A244C9F21F0A1409451E1E1E7EE747E4A7FCF7CFBFA32FEF8EADBD41CF47048FF5D3C150D720368985F072AC07F4F5C327FDCBE79F7F1A5D59CEBBF623EDF731ECC746627FACAF28752F0CC33757D001FEC041A6477CF24A0726710C6011E36C38FCD5383D352013A133599A367A0C30450E8C7E61BF4E0836A14B0360CF88056D3F69674FE69154ED0E38D0778109C7BA054C3C88BBE9DAA58D0053610EED575D0318130A2853F0E2C98773EA11BC9CBBAC01D88BB50B59BF5760FB3051FC22EFAEBA86E159B806231F988A32039F12A7A5C0D38F89510C7E7827D3EA99D198D9AE9879E93A5C7564BAB13E0578350B4C5DE3E7BA98D85ED8AF64D841D2FD440B1B4FB27D67F008FF9D6893C0A68107C71806D403F689F610BCD8C8FC06D70BF207C4631CD8765121A6127B566A604D0F1E71A147D78FF03551730632458DF270831F9F8D1687C6EBB9C5F4E399AEDD3155C08B0DB3DD2FAC7D4E89076F20861EA0D07A0094428F6DDEAD0523FB094A70532E20E6E664A0638EA36B33F0FE1DE2255D31971A3257B946EFD04A5B123D9E30627EC606512F80157AD6CFFD9D00543BABD2A4F573CCC0DD3220681A84C2EB8DCA09BA036F6819D99813798300992273A56B8FD08E3AF82BE4C61E9CA2EE39EF74ED11E791D83980B367CF731278269B7941241D16C05B42AAAE5A61AD15BA654F9FB32DCF95131E6693A7DA893D52FD8BEA8D8CDC716BDD39B7909A3FA7FDF7E0D0B9AAED3D3A1FBB2B979E9105A871ABB3F3F31EFCEA6E09D637D3749A295374C19261EB1030270B047126069AC801B6AE3D78ECA7249D7FD2B5B90942890A4EDB35A0EE3C88647A6D1A43782F950699BE63489576E2D39A2852ABA1721829A8AB1647B2017B08240565DB4712650CF65D1D2CEF56C0AD8928E75BA90E66807E5B8160F765C957B2C843D206D33607D005206204ED2382B4CCF47C1D22AF057AA9915AC710B97EB595528B1802F01CA8972269FFBD449054D52E01241DBBB352A473E2544CE42AD5C50D22E82BD85E91B158814D97C7FEDF50802C9A6CA5404981541D5DCACF2A9C97EBD0F74B4E22BED0AD42BB3C8448F5CBBBB4092E97BE4F4C1469C5EB9B99ABBCD02B6C698D91394E46A5E8C992120B33C8658185E9C1402C98B04E725697E592B3DD2CCBFD4590CB0212F4C20800EC09333E0B710853317A216C2217D84D8BE306B62D9DC2ADC8E6E29F4CA10B7118AC9AECD08312D95C5C606EB2D6C8286046154A59E66CDE71318DF60626B1CACF45E7B97DCB70E2D7B71F3CF1A6380E4009AF9AB23D979F5D35C68F3A28C95F67770624D9CAD4365072D6DB0A4432236CACC14E2212570AC88386AC2E2846A3B4406DDAE91AB9EA896D381888D8EC188CAA95D81D8664E63D2A0CE5D1B071B72BEAB79E7024967D6AF992B7DC3D9E421B52A85D9AF17DDA04F826B0C4129C1592569F181416B0DB8428DBA0434C887109CFC65036027A8916931562EF8DB4E234E0C987C981809F9CF2F0700AE5CD21E55FA2F277053E2409802C4BC8939F20427A2BC1CB28D85410223F9114A5A44E552144722851307B853AF9EB63A19FF4048B4783CA6B53B68692110460A9BC27154449EF77CBCB6D658A7C33EB6C515DA6A9D6FD1B5843A8CF0AB2E4B763ADED21DE7C88D6A82F59D58AD6E6CD54AB52B76305F178A50A137575975AE555C243B507AB955A5BF20DF120A7C60E92DA41B57AE86C0BB15C5071B31A7BA4074B5956CA9E8D8C984A94348C0C09E7683403AE8BF0B2C0414A5AB4794C409A7C98B727E838B10CC3F42B783A99B6D94C94786009B9A76C6AA6E935F27C3A0514BC80F04872623962B724074B72523A4B39CD8ADB9526AAB47FF8733CA6822A5451A224E3AED9529CB0C889CEC32BE02E8CD442DE17B081273FC89E103B707063092E9755E4EE148515DBD5A5C56C9CA29CB8455D42A97A2BAFAE26DF8440E6CC2C147EC2460A157419174AA8A949206AB0910950C08D7CA8DCB8798629DB5696796AA5451C91929CA8455D424A0029CA48DBD4A5A4FC8FA294B4AD0DF0FA73AA2303715DDA5343B15482028C6BC6F66DDFFA20985014C428983C68B3FF09EDA0AC5BD2A82E27611114A5244DED7C2CBAD5E39D2C6A3C200C2605537708560B5042A06C681D00D3028FC79FACF0AB97D6279CFB0C65DCF5B71863B3472DDC2DBEEC2E395ADCD402D6E16D7709D261C391BA8550AEF35DB2D9B3B29D2BCF4749A9DCFCDD80503BC75D422A037943565837CFD73E85CE20EC3098FF694F6CB6CD34EF300318BD429FC63414FD6C787AC67D8170385F0318BE6FD915AF1A159F0494B76BE7347D149AB8912AD396562230F3F11BF0CC15F04436DA06C47B89D0A2CC8E3CFBC82AC211EA2DB6E0FB58FF2B1A77A1DDFEFE5C187AA2DD7B0CA517DA50FBBB6155ED79E69D40D227F57B2B3029B2BD2BF732E27BB7DBCC32B9DB628AD2CDC9DDD6D6C9DDEA80CBBE0D5286DB31215E768DB61792F216636389975C89FDF3F6B191A31DF716734BAC6215A91D48C4559E2A8A694F8BED08A3FE98AADB899CBB76E05D863015F454D2637B0FD3257A6CB4BEEEE4D84EC39B7DA445B0ED85DEB939058FFF667387F4CD9DD209E427F3FB270FF443CFDC1C0B7C99B953F6E54ED15073E07E8870684BAEDC944CB90F20B473D03E986E2D417020D4B6A6DCD0020295B445F166BA2323EE48505073647CC028502138B6CC0BFC7A36A01DEE1743FB49292D717410F444814121B9A5512721C6E7C8AC387E09EBE4B828EE95A1583541DFFCC5AA397AA637564F113F85FEBEE98F1D187E1C368E88DED861B13C528F83BDD89AADB8ED65F64C4FECBA4CDE616BB97B87C23FEC0EDEBE96DB825E28DE4BB25C56F8AB672C99FA68998B08FF061A8666298B657D6EF12B49332AA751DA853F1C8314582CC55D7A14BD0293B2C726F4FDE8CF31FC0076C0BA5C392FD0BAC5F7017503CA960C9D17BBF4517A9894EBE68F3894659D47F76EF449711F4B606AA2F0C0E91EFF1620DBCAF4BEAE3870928808B37D72E819EE250D0F3F97EB4CD21DC18A8212F36545CA023AAECD84F9F70C426FB08B6E4F3EFC0E97C05CA7D7CB7221CD1B5136FB688AC0D2038E9FC8C8C7B35F19862DE7FDF3FF36659461FC4F0000, N'6.5.1')
GO
SET IDENTITY_INSERT [dbo].[DanhMuc] ON 

INSERT [dbo].[DanhMuc] ([MaDanhMuc], [TenDanhMuc], [Loai], [MaNguoiDung]) VALUES (1, N'Lương', N'Thu', 1)
INSERT [dbo].[DanhMuc] ([MaDanhMuc], [TenDanhMuc], [Loai], [MaNguoiDung]) VALUES (2, N'Ăn uống', N'Chi', 1)
INSERT [dbo].[DanhMuc] ([MaDanhMuc], [TenDanhMuc], [Loai], [MaNguoiDung]) VALUES (3, N'Mua sắm', N'Chi', 1)
INSERT [dbo].[DanhMuc] ([MaDanhMuc], [TenDanhMuc], [Loai], [MaNguoiDung]) VALUES (4, N'Thu nhập khác', N'Thu', 2)
INSERT [dbo].[DanhMuc] ([MaDanhMuc], [TenDanhMuc], [Loai], [MaNguoiDung]) VALUES (5, N'Đi lại', N'Chi', 2)
INSERT [dbo].[DanhMuc] ([MaDanhMuc], [TenDanhMuc], [Loai], [MaNguoiDung]) VALUES (6, N'xăng xe', N'Chi', 1)
SET IDENTITY_INSERT [dbo].[DanhMuc] OFF
GO
SET IDENTITY_INSERT [dbo].[GiaoDich] ON 

INSERT [dbo].[GiaoDich] ([MaGiaoDich], [MoTa], [NgayGD], [SoTien], [MaDanhMuc], [MaNguoiDung]) VALUES (1, N'Lương tháng 9', CAST(N'2025-09-01' AS Date), CAST(15000000.00 AS Decimal(18, 2)), 1, 1)
INSERT [dbo].[GiaoDich] ([MaGiaoDich], [MoTa], [NgayGD], [SoTien], [MaDanhMuc], [MaNguoiDung]) VALUES (4, N'Thu nhập freelance', CAST(N'2025-09-05' AS Date), CAST(3000000.00 AS Decimal(18, 2)), 4, 2)
INSERT [dbo].[GiaoDich] ([MaGiaoDich], [MoTa], [NgayGD], [SoTien], [MaDanhMuc], [MaNguoiDung]) VALUES (5, N'Đi taxi', CAST(N'2025-09-06' AS Date), CAST(100000.00 AS Decimal(18, 2)), 5, 2)
INSERT [dbo].[GiaoDich] ([MaGiaoDich], [MoTa], [NgayGD], [SoTien], [MaDanhMuc], [MaNguoiDung]) VALUES (14, N'Mua áo ', CAST(N'2025-10-02' AS Date), CAST(200000.00 AS Decimal(18, 2)), 2, 1)
INSERT [dbo].[GiaoDich] ([MaGiaoDich], [MoTa], [NgayGD], [SoTien], [MaDanhMuc], [MaNguoiDung]) VALUES (15, N'Mua áo ', CAST(N'2025-10-23' AS Date), CAST(500000.00 AS Decimal(18, 2)), 3, 1)
INSERT [dbo].[GiaoDich] ([MaGiaoDich], [MoTa], [NgayGD], [SoTien], [MaDanhMuc], [MaNguoiDung]) VALUES (16, N'Mua ', CAST(N'2025-10-23' AS Date), CAST(500000.00 AS Decimal(18, 2)), 3, 1)
INSERT [dbo].[GiaoDich] ([MaGiaoDich], [MoTa], [NgayGD], [SoTien], [MaDanhMuc], [MaNguoiDung]) VALUES (17, N'Mua áo ', CAST(N'2025-10-10' AS Date), CAST(200000.00 AS Decimal(18, 2)), 1, 1)
INSERT [dbo].[GiaoDich] ([MaGiaoDich], [MoTa], [NgayGD], [SoTien], [MaDanhMuc], [MaNguoiDung]) VALUES (18, N'Mua áo ', CAST(N'2025-10-10' AS Date), CAST(200000.00 AS Decimal(18, 2)), 1, 1)
INSERT [dbo].[GiaoDich] ([MaGiaoDich], [MoTa], [NgayGD], [SoTien], [MaDanhMuc], [MaNguoiDung]) VALUES (19, N'áo', CAST(N'2025-10-08' AS Date), CAST(2000000.00 AS Decimal(18, 2)), 2, 1)
INSERT [dbo].[GiaoDich] ([MaGiaoDich], [MoTa], [NgayGD], [SoTien], [MaDanhMuc], [MaNguoiDung]) VALUES (20, N'áo', CAST(N'2025-10-08' AS Date), CAST(5000000.00 AS Decimal(18, 2)), 3, 1)
INSERT [dbo].[GiaoDich] ([MaGiaoDich], [MoTa], [NgayGD], [SoTien], [MaDanhMuc], [MaNguoiDung]) VALUES (21, N'áo', CAST(N'2025-10-08' AS Date), CAST(5000000.00 AS Decimal(18, 2)), 1, 1)
INSERT [dbo].[GiaoDich] ([MaGiaoDich], [MoTa], [NgayGD], [SoTien], [MaDanhMuc], [MaNguoiDung]) VALUES (22, N'1234', CAST(N'2025-10-08' AS Date), CAST(200000.00 AS Decimal(18, 2)), 1, 1)
INSERT [dbo].[GiaoDich] ([MaGiaoDich], [MoTa], [NgayGD], [SoTien], [MaDanhMuc], [MaNguoiDung]) VALUES (23, N'xe máy', CAST(N'2025-10-09' AS Date), CAST(200000.00 AS Decimal(18, 2)), 6, 1)
INSERT [dbo].[GiaoDich] ([MaGiaoDich], [MoTa], [NgayGD], [SoTien], [MaDanhMuc], [MaNguoiDung]) VALUES (24, N'grap', CAST(N'2025-10-09' AS Date), CAST(10000.00 AS Decimal(18, 2)), 5, 1)
INSERT [dbo].[GiaoDich] ([MaGiaoDich], [MoTa], [NgayGD], [SoTien], [MaDanhMuc], [MaNguoiDung]) VALUES (25, NULL, CAST(N'2025-10-10' AS Date), CAST(200000.00 AS Decimal(18, 2)), 5, 1)
SET IDENTITY_INSERT [dbo].[GiaoDich] OFF
GO
SET IDENTITY_INSERT [dbo].[NganSaches] ON 

INSERT [dbo].[NganSaches] ([MaNganSach], [MaNguoiDung], [MaDanhMuc], [SoTienGioiHan], [Thang], [Nam], [NgayTao]) VALUES (3, 1, 3, CAST(70000000.00 AS Decimal(18, 2)), 10, 2025, CAST(N'2025-10-10T00:00:00.000' AS DateTime))
INSERT [dbo].[NganSaches] ([MaNganSach], [MaNguoiDung], [MaDanhMuc], [SoTienGioiHan], [Thang], [Nam], [NgayTao]) VALUES (4, 1, 2, CAST(5500000.00 AS Decimal(18, 2)), 10, 2025, CAST(N'2025-10-08T00:00:00.000' AS DateTime))
INSERT [dbo].[NganSaches] ([MaNganSach], [MaNguoiDung], [MaDanhMuc], [SoTienGioiHan], [Thang], [Nam], [NgayTao]) VALUES (5, 2, 1, CAST(4000000.00 AS Decimal(18, 2)), 10, 2025, CAST(N'2025-10-01T08:45:00.000' AS DateTime))
INSERT [dbo].[NganSaches] ([MaNganSach], [MaNguoiDung], [MaDanhMuc], [SoTienGioiHan], [Thang], [Nam], [NgayTao]) VALUES (6, 2, 2, CAST(1500000.00 AS Decimal(18, 2)), 10, 2025, CAST(N'2025-10-02T09:30:00.000' AS DateTime))
INSERT [dbo].[NganSaches] ([MaNganSach], [MaNguoiDung], [MaDanhMuc], [SoTienGioiHan], [Thang], [Nam], [NgayTao]) VALUES (7, 2, 2, CAST(8000000.00 AS Decimal(18, 2)), 10, 2025, CAST(N'2025-10-01T09:00:00.000' AS DateTime))
INSERT [dbo].[NganSaches] ([MaNganSach], [MaNguoiDung], [MaDanhMuc], [SoTienGioiHan], [Thang], [Nam], [NgayTao]) VALUES (8, 1, 1, CAST(5500000.00 AS Decimal(18, 2)), 11, 2025, CAST(N'2025-11-01T08:30:00.000' AS DateTime))
INSERT [dbo].[NganSaches] ([MaNganSach], [MaNguoiDung], [MaDanhMuc], [SoTienGioiHan], [Thang], [Nam], [NgayTao]) VALUES (9, 2, 2, CAST(1800000.00 AS Decimal(18, 2)), 11, 2025, CAST(N'2025-11-02T09:00:00.000' AS DateTime))
INSERT [dbo].[NganSaches] ([MaNganSach], [MaNguoiDung], [MaDanhMuc], [SoTienGioiHan], [Thang], [Nam], [NgayTao]) VALUES (10, 1, 2, CAST(11000000.00 AS Decimal(18, 2)), 11, 2025, CAST(N'2025-11-01T08:00:00.000' AS DateTime))
INSERT [dbo].[NganSaches] ([MaNganSach], [MaNguoiDung], [MaDanhMuc], [SoTienGioiHan], [Thang], [Nam], [NgayTao]) VALUES (24, 1, 6, CAST(12000.00 AS Decimal(18, 2)), 10, 2025, CAST(N'2025-10-02T00:00:00.000' AS DateTime))
INSERT [dbo].[NganSaches] ([MaNganSach], [MaNguoiDung], [MaDanhMuc], [SoTienGioiHan], [Thang], [Nam], [NgayTao]) VALUES (25, 1, 5, CAST(300000.00 AS Decimal(18, 2)), 10, 2025, CAST(N'2025-10-09T00:00:00.000' AS DateTime))
SET IDENTITY_INSERT [dbo].[NganSaches] OFF
GO
SET IDENTITY_INSERT [dbo].[NguoiDung] ON 

INSERT [dbo].[NguoiDung] ([MaNguoiDung], [TenDangNhap], [MatKhau], [HoTen], [NgayTao]) VALUES (1, N'user1', N'123456', N'Nguyễn Văn A', CAST(N'2025-09-23T10:22:56.913' AS DateTime))
INSERT [dbo].[NguoiDung] ([MaNguoiDung], [TenDangNhap], [MatKhau], [HoTen], [NgayTao]) VALUES (2, N'user2', N'abcdef', N'Trần Thị B', CAST(N'2025-09-23T10:22:56.913' AS DateTime))
INSERT [dbo].[NguoiDung] ([MaNguoiDung], [TenDangNhap], [MatKhau], [HoTen], [NgayTao]) VALUES (3, N'user3', N'123456789', N'789main', CAST(N'2025-10-02T07:22:54.087' AS DateTime))
INSERT [dbo].[NguoiDung] ([MaNguoiDung], [TenDangNhap], [MatKhau], [HoTen], [NgayTao]) VALUES (6, N'user4', N'12345678', N'456main', CAST(N'2025-10-02T10:07:15.147' AS DateTime))
SET IDENTITY_INSERT [dbo].[NguoiDung] OFF
GO
/****** Object:  Index [IX_MaDanhMuc]    Script Date: 10/10/2025 11:53:30 PM ******/
CREATE NONCLUSTERED INDEX [IX_MaDanhMuc] ON [dbo].[NganSaches]
(
	[MaDanhMuc] ASC
)WITH (PAD_INDEX = OFF, STATISTICS_NORECOMPUTE = OFF, SORT_IN_TEMPDB = OFF, DROP_EXISTING = OFF, ONLINE = OFF, ALLOW_ROW_LOCKS = ON, ALLOW_PAGE_LOCKS = ON, OPTIMIZE_FOR_SEQUENTIAL_KEY = OFF) ON [PRIMARY]
GO
/****** Object:  Index [IX_MaNguoiDung]    Script Date: 10/10/2025 11:53:30 PM ******/
CREATE NONCLUSTERED INDEX [IX_MaNguoiDung] ON [dbo].[NganSaches]
(
	[MaNguoiDung] ASC
)WITH (PAD_INDEX = OFF, STATISTICS_NORECOMPUTE = OFF, SORT_IN_TEMPDB = OFF, DROP_EXISTING = OFF, ONLINE = OFF, ALLOW_ROW_LOCKS = ON, ALLOW_PAGE_LOCKS = ON, OPTIMIZE_FOR_SEQUENTIAL_KEY = OFF) ON [PRIMARY]
GO
SET ANSI_PADDING ON
GO
/****** Object:  Index [UQ__NguoiDun__55F68FC09CE872EF]    Script Date: 10/10/2025 11:53:30 PM ******/
ALTER TABLE [dbo].[NguoiDung] ADD UNIQUE NONCLUSTERED 
(
	[TenDangNhap] ASC
)WITH (PAD_INDEX = OFF, STATISTICS_NORECOMPUTE = OFF, SORT_IN_TEMPDB = OFF, IGNORE_DUP_KEY = OFF, ONLINE = OFF, ALLOW_ROW_LOCKS = ON, ALLOW_PAGE_LOCKS = ON, OPTIMIZE_FOR_SEQUENTIAL_KEY = OFF) ON [PRIMARY]
GO
ALTER TABLE [dbo].[NguoiDung] ADD  DEFAULT (getdate()) FOR [NgayTao]
GO
ALTER TABLE [dbo].[DanhMuc]  WITH CHECK ADD FOREIGN KEY([MaNguoiDung])
REFERENCES [dbo].[NguoiDung] ([MaNguoiDung])
GO
ALTER TABLE [dbo].[GiaoDich]  WITH CHECK ADD FOREIGN KEY([MaDanhMuc])
REFERENCES [dbo].[DanhMuc] ([MaDanhMuc])
GO
ALTER TABLE [dbo].[GiaoDich]  WITH CHECK ADD FOREIGN KEY([MaNguoiDung])
REFERENCES [dbo].[NguoiDung] ([MaNguoiDung])
GO
ALTER TABLE [dbo].[NganSaches]  WITH CHECK ADD  CONSTRAINT [FK_dbo.NganSaches_dbo.DanhMuc_MaDanhMuc] FOREIGN KEY([MaDanhMuc])
REFERENCES [dbo].[DanhMuc] ([MaDanhMuc])
GO
ALTER TABLE [dbo].[NganSaches] CHECK CONSTRAINT [FK_dbo.NganSaches_dbo.DanhMuc_MaDanhMuc]
GO
ALTER TABLE [dbo].[NganSaches]  WITH CHECK ADD  CONSTRAINT [FK_dbo.NganSaches_dbo.NguoiDung_MaNguoiDung] FOREIGN KEY([MaNguoiDung])
REFERENCES [dbo].[NguoiDung] ([MaNguoiDung])
ON DELETE CASCADE
GO
ALTER TABLE [dbo].[NganSaches] CHECK CONSTRAINT [FK_dbo.NganSaches_dbo.NguoiDung_MaNguoiDung]
GO
ALTER TABLE [dbo].[DanhMuc]  WITH CHECK ADD CHECK  (([Loai]='Chi' OR [Loai]='Thu'))
GO
